一生けん命,1314,1314,3989,名詞,副詞可能,*,*,*,*,一生けん命,いっしょうけんめい,イッショーケンメイ
真昼,1314,1314,5221,名詞,副詞可能,*,*,*,*,真昼,まひる,マヒル
位,1314,1314,5941,名詞,副詞可能,*,*,*,*,位,くらい,クライ
今日日,1314,1314,5221,名詞,副詞可能,*,*,*,*,今日日,きょうび,キョービ
いつか,1314,1314,5896,名詞,副詞可能,*,*,*,*,いつか,いつか,イツカ
近頃,1314,1314,5337,名詞,副詞可能,*,*,*,*,近頃,ちかごろ,チカゴロ
行く先,1314,1314,5561,名詞,副詞可能,*,*,*,*,行く先,ゆくさき,ユクサキ
３月,1314,1314,2728,名詞,副詞可能,*,*,*,*,３月,さんがつ,サンガツ
再来年,1314,1314,5101,名詞,副詞可能,*,*,*,*,再来年,さらいねん,サライネン
すべて,1314,1314,4851,名詞,副詞可能,*,*,*,*,すべて,すべて,スベテ
等々,1314,1314,5125,名詞,副詞可能,*,*,*,*,等々,とうとう,トートー
前回,1314,1314,6647,名詞,副詞可能,*,*,*,*,前回,ぜんかい,ゼンカイ
全部,1314,1314,5173,名詞,副詞可能,*,*,*,*,全部,ぜんぶ,ゼンブ
此の内,1314,1314,5222,名詞,副詞可能,*,*,*,*,此の内,このうち,コノウチ
平日,1314,1314,3420,名詞,副詞可能,*,*,*,*,平日,へいじつ,ヘイジツ
現代,1314,1314,7964,名詞,副詞可能,*,*,*,*,現代,げんだい,ゲンダイ
深夜,1314,1314,4246,名詞,副詞可能,*,*,*,*,深夜,しんや,シンヤ
おとつい,1314,1314,6348,名詞,副詞可能,*,*,*,*,おとつい,おとつい,オトツイ
じき,1314,1314,5569,名詞,副詞可能,*,*,*,*,じき,じき,ジキ
砌,1314,1314,5221,名詞,副詞可能,*,*,*,*,砌,みぎり,ミギリ
時間,1314,1314,1342,名詞,副詞可能,*,*,*,*,時間,じかん,ジカン
限り,1314,1314,6391,名詞,副詞可能,*,*,*,*,限り,かぎり,カギリ
家中,1314,1314,4907,名詞,副詞可能,*,*,*,*,家中,いえじゅう,イエジュー
このごろ,1314,1314,3320,名詞,副詞可能,*,*,*,*,このごろ,このごろ,コノゴロ
道中,1314,1314,5212,名詞,副詞可能,*,*,*,*,道中,どうちゅう,ドーチュー
上,1314,1314,8877,名詞,副詞可能,*,*,*,*,上,うえ,ウエ
所所,1314,1314,5373,名詞,副詞可能,*,*,*,*,所所,ところどころ,トコロドコロ,所々
没後,1314,1314,5527,名詞,副詞可能,*,*,*,*,没後,ぼつご,ボツゴ
全員,1314,1314,6982,名詞,副詞可能,*,*,*,*,全員,ぜんいん,ゼンイン
ひとつ,1314,1314,4501,名詞,副詞可能,*,*,*,*,ひとつ,ひとつ,ヒトツ
以来,1314,1314,771,名詞,副詞可能,*,*,*,*,以来,いらい,イライ
毎秋,1314,1314,5204,名詞,副詞可能,*,*,*,*,毎秋,まいしゅう,マイシュー
終夜,1314,1314,5221,名詞,副詞可能,*,*,*,*,終夜,しゅうや,シューヤ
８月,1314,1314,2807,名詞,副詞可能,*,*,*,*,８月,はちがつ,ハチガツ
いっぺん,1314,1314,6672,名詞,副詞可能,*,*,*,*,いっぺん,いっぺん,イッペン
神無月,1314,1314,5221,名詞,副詞可能,*,*,*,*,神無月,かみなづき,カミナズキ
たくさん,1314,1314,1756,名詞,副詞可能,*,*,*,*,たくさん,たくさん,タクサン
死後,1314,1314,5886,名詞,副詞可能,*,*,*,*,死後,しご,シゴ
以降,1314,1314,4320,名詞,副詞可能,*,*,*,*,以降,いこう,イコー
来春,1314,1314,2457,名詞,副詞可能,*,*,*,*,来春,らいしゅん,ライシュン
来春,1314,1314,7376,名詞,副詞可能,*,*,*,*,来春,らいはる,ライハル
真夜中,1314,1314,5202,名詞,副詞可能,*,*,*,*,真夜中,まよなか,マヨナカ
晩秋,1314,1314,5636,名詞,副詞可能,*,*,*,*,晩秋,ばんしゅう,バンシュー
明け方,1314,1314,5122,名詞,副詞可能,*,*,*,*,明け方,あけがた,アケガタ
じっちゅうはっく,1314,1314,6348,名詞,副詞可能,*,*,*,*,じっちゅうはっく,じっちゅうはっく,ジッチュウハック
あまり,1314,1314,6945,名詞,副詞可能,*,*,*,*,あまり,あまり,アマリ
暮方,1314,1314,5221,名詞,副詞可能,*,*,*,*,暮方,くれがた,クレガタ
毎朝,1314,1314,5065,名詞,副詞可能,*,*,*,*,毎朝,まいあさ,マイアサ
昔時,1314,1314,5221,名詞,副詞可能,*,*,*,*,昔時,せきじ,セキジ
明日,1314,1314,3114,名詞,副詞可能,*,*,*,*,明日,あした,アシタ
明日,1314,1314,6891,名詞,副詞可能,*,*,*,*,明日,あす,アス
この頃,1314,1314,5916,名詞,副詞可能,*,*,*,*,この頃,このごろ,コノゴロ
従来,1314,1314,5221,名詞,副詞可能,*,*,*,*,従来,じゅうらい,ジューライ
明方,1314,1314,5207,名詞,副詞可能,*,*,*,*,明方,あけがた,アケガタ
時折,1314,1314,3199,名詞,副詞可能,*,*,*,*,時折,ときおり,トキオリ
挙句,1314,1314,5221,名詞,副詞可能,*,*,*,*,挙句,あげく,アゲク
一昨年,1314,1314,1375,名詞,副詞可能,*,*,*,*,一昨年,いっさくねん,イッサクネン
一昨年,1314,1314,6541,名詞,副詞可能,*,*,*,*,一昨年,おととし,オトトシ
明けがた,1314,1314,5207,名詞,副詞可能,*,*,*,*,明けがた,あけがた,アケガタ
その間,1314,1314,6589,名詞,副詞可能,*,*,*,*,その間,そのかん,ソノカン
来月,1314,1314,5123,名詞,副詞可能,*,*,*,*,来月,らいげつ,ライゲツ
近く,1314,1314,2940,名詞,副詞可能,*,*,*,*,近く,ちかく,チカク
過日,1314,1314,5221,名詞,副詞可能,*,*,*,*,過日,かじつ,カジツ
明明後日,1314,1314,5221,名詞,副詞可能,*,*,*,*,明明後日,しあさって,シアサッテ,明々後日
半分,1314,1314,3314,名詞,副詞可能,*,*,*,*,半分,はんぶん,ハンブン
今春,1314,1314,5042,名詞,副詞可能,*,*,*,*,今春,こんしゅん,コンシュン
今どき,1314,1314,5213,名詞,副詞可能,*,*,*,*,今どき,いまどき,イマドキ
夜さり,1314,1314,5221,名詞,副詞可能,*,*,*,*,夜さり,よさり,ヨサリ
土曜,1314,1314,3988,名詞,副詞可能,*,*,*,*,土曜,どよう,ドヨー
春先,1314,1314,5091,名詞,副詞可能,*,*,*,*,春先,はるさき,ハルサキ
払暁,1314,1314,5221,名詞,副詞可能,*,*,*,*,払暁,ふつぎょう,フツギョー
別れぎわ,1314,1314,5212,名詞,副詞可能,*,*,*,*,別れぎわ,わかれぎわ,ワカレギワ
旧臘,1314,1314,5221,名詞,副詞可能,*,*,*,*,旧臘,きゅうろう,キューロー
目今,1314,1314,5221,名詞,副詞可能,*,*,*,*,目今,もっこん,モッコン
場合,1314,1314,5150,名詞,副詞可能,*,*,*,*,場合,ばあい,バアイ
昔,1314,1314,4037,名詞,副詞可能,*,*,*,*,昔,むかし,ムカシ
生来,1314,1314,5332,名詞,副詞可能,*,*,*,*,生来,せいらい,セイライ
朝暮,1314,1314,5198,名詞,副詞可能,*,*,*,*,朝暮,ちょうぼ,チョーボ
本日,1314,1314,4786,名詞,副詞可能,*,*,*,*,本日,ほんじつ,ホンジツ
夜前,1314,1314,5221,名詞,副詞可能,*,*,*,*,夜前,やぜん,ヤゼン
一生,1314,1314,3611,名詞,副詞可能,*,*,*,*,一生,いっしょう,イッショー
みずから,1314,1314,6348,名詞,副詞可能,*,*,*,*,みずから,みずから,ミズカラ
元朝,1314,1314,5221,名詞,副詞可能,*,*,*,*,元朝,がんちょう,ガンチョー
以後,1314,1314,5932,名詞,副詞可能,*,*,*,*,以後,いご,イゴ
昨晩,1314,1314,5316,名詞,副詞可能,*,*,*,*,昨晩,さくばん,サクバン
小半時,1314,1314,5221,名詞,副詞可能,*,*,*,*,小半時,こはんとき,コハントキ
先だって,1314,1314,4141,名詞,副詞可能,*,*,*,*,先だって,せんだって,センダッテ
両度,1314,1314,5355,名詞,副詞可能,*,*,*,*,両度,りょうど,リョード
産後,1314,1314,5457,名詞,副詞可能,*,*,*,*,産後,さんご,サンゴ
今回,1314,1314,2815,名詞,副詞可能,*,*,*,*,今回,こんかい,コンカイ
時下,1314,1314,5524,名詞,副詞可能,*,*,*,*,時下,じか,ジカ
せい,1314,1314,7789,名詞,副詞可能,*,*,*,*,せい,せい,セイ
昨秋,1314,1314,5345,名詞,副詞可能,*,*,*,*,昨秋,さくしゅう,サクシュー
開口一番,1314,1314,6339,名詞,副詞可能,*,*,*,*,開口一番,かいこういちばん,カイコーイチバン
この節,1314,1314,6348,名詞,副詞可能,*,*,*,*,この節,このせつ,コノセツ
大方,1314,1314,5432,名詞,副詞可能,*,*,*,*,大方,おおかた,オーカタ
来週,1314,1314,5066,名詞,副詞可能,*,*,*,*,来週,らいしゅう,ライシュー
早朝,1314,1314,4683,名詞,副詞可能,*,*,*,*,早朝,そうちょう,ソーチョー
一目,1314,1314,5189,名詞,副詞可能,*,*,*,*,一目,ひとめ,ヒトメ
此の度,1314,1314,5257,名詞,副詞可能,*,*,*,*,此の度,このたび,コノタビ
うち,1314,1314,8571,名詞,副詞可能,*,*,*,*,うち,うち,ウチ
一丁,1314,1314,4921,名詞,副詞可能,*,*,*,*,一丁,いっちょう,イッチョー
満目,1314,1314,5221,名詞,副詞可能,*,*,*,*,満目,まんもく,マンモク
平生,1314,1314,5221,名詞,副詞可能,*,*,*,*,平生,へいぜい,ヘイゼイ
そもそも,1314,1314,6095,名詞,副詞可能,*,*,*,*,そもそも,そもそも,ソモソモ
単身,1314,1314,6456,名詞,副詞可能,*,*,*,*,単身,たんしん,タンシン
先頃,1314,1314,5103,名詞,副詞可能,*,*,*,*,先頃,さきごろ,サキゴロ
午後,1314,1314,3533,名詞,副詞可能,*,*,*,*,午後,ごご,ゴゴ
夜半,1314,1314,5209,名詞,副詞可能,*,*,*,*,夜半,やはん,ヤハン
堅ろう,1314,1314,5221,名詞,副詞可能,*,*,*,*,堅ろう,けんろう,ケンロー
今季,1314,1314,5085,名詞,副詞可能,*,*,*,*,今季,こんき,コンキ
昨夏,1314,1314,3497,名詞,副詞可能,*,*,*,*,昨夏,さくなつ,サクナツ
昨夏,1314,1314,6499,名詞,副詞可能,*,*,*,*,昨夏,さっか,サッカ
土曜日,1314,1314,6504,名詞,副詞可能,*,*,*,*,土曜日,どようび,ドヨービ
一躍,1314,1314,4809,名詞,副詞可能,*,*,*,*,一躍,いちやく,イチヤク
来年,1314,1314,2483,名詞,副詞可能,*,*,*,*,来年,らいねん,ライネン
当分,1314,1314,3280,名詞,副詞可能,*,*,*,*,当分,とうぶん,トーブン
九月,1314,1314,2699,名詞,副詞可能,*,*,*,*,九月,くがつ,クガツ,長月
満面,1314,1314,5483,名詞,副詞可能,*,*,*,*,満面,まんめん,マンメン
一昨々日,1314,1314,4046,名詞,副詞可能,*,*,*,*,一昨々日,さきおととい,サキオトトイ
屡次,1314,1314,5221,名詞,副詞可能,*,*,*,*,屡次,るじ,ルジ
全体,1314,1314,4060,名詞,副詞可能,*,*,*,*,全体,ぜんたい,ゼンタイ
むかし,1314,1314,6011,名詞,副詞可能,*,*,*,*,むかし,むかし,ムカシ
晩冬,1314,1314,5221,名詞,副詞可能,*,*,*,*,晩冬,ばんとう,バントー
暮れ,1314,1314,2580,名詞,副詞可能,*,*,*,*,暮れ,くれ,クレ
一律,1314,1314,3005,名詞,副詞可能,*,*,*,*,一律,いちりつ,イチリツ
所々,1314,1314,5058,名詞,副詞可能,*,*,*,*,所々,ところどころ,トコロドコロ
月,1314,1314,11949,名詞,副詞可能,*,*,*,*,月,がつ,ガツ
一方,1314,1314,2306,名詞,副詞可能,*,*,*,*,一方,いっぽう,イッポー
真っ盛り,1314,1314,4530,名詞,副詞可能,*,*,*,*,真っ盛り,まっさかり,マッサカリ
向後,1314,1314,5229,名詞,副詞可能,*,*,*,*,向後,こうご,コーゴ
４月,1314,1314,2973,名詞,副詞可能,*,*,*,*,４月,しがつ,シガツ
くせ,1314,1314,7198,名詞,副詞可能,*,*,*,*,くせ,くせ,クセ
去歳,1314,1314,5221,名詞,副詞可能,*,*,*,*,去歳,きょさい,キョサイ
時期,1314,1314,2405,名詞,副詞可能,*,*,*,*,時期,じき,ジキ
きょう,1314,1314,4354,名詞,副詞可能,*,*,*,*,きょう,きょう,キョー
のちのち,1314,1314,6348,名詞,副詞可能,*,*,*,*,のちのち,のちのち,ノチノチ
結果,1314,1314,644,名詞,副詞可能,*,*,*,*,結果,けっか,ケッカ
大数,1314,1314,5242,名詞,副詞可能,*,*,*,*,大数,たいすう,タイスー
行先,1314,1314,5282,名詞,副詞可能,*,*,*,*,行先,ゆくさき,ユクサキ
夜,1314,1314,5244,名詞,副詞可能,*,*,*,*,夜,よる,ヨル
夜,1314,1314,9463,名詞,副詞可能,*,*,*,*,夜,よ,ヨ
短時間,1314,1314,4949,名詞,副詞可能,*,*,*,*,短時間,たんじかん,タンジカン
中頃,1314,1314,5259,名詞,副詞可能,*,*,*,*,中頃,なかごろ,ナカゴロ
末葉,1314,1314,5221,名詞,副詞可能,*,*,*,*,末葉,まつよう,マツヨー
当世,1314,1314,5222,名詞,副詞可能,*,*,*,*,当世,とうせい,トーセイ
もと,1314,1314,9179,名詞,副詞可能,*,*,*,*,もと,もと,モト
暇暇,1314,1314,5221,名詞,副詞可能,*,*,*,*,暇暇,ひまひま,ヒマヒマ,暇々
明六つ,1314,1314,5221,名詞,副詞可能,*,*,*,*,明六つ,あけむつ,アケムツ
直後,1314,1314,3674,名詞,副詞可能,*,*,*,*,直後,ちょくご,チョクゴ
再来月,1314,1314,5221,名詞,副詞可能,*,*,*,*,再来月,さらいげつ,サライゲツ
晩春,1314,1314,5221,名詞,副詞可能,*,*,*,*,晩春,ばんしゅん,バンシュン
中盤,1314,1314,4905,名詞,副詞可能,*,*,*,*,中盤,ちゅうばん,チューバン
各々,1314,1314,5374,名詞,副詞可能,*,*,*,*,各々,おのおの,オノオノ
なかば,1314,1314,6626,名詞,副詞可能,*,*,*,*,なかば,なかば,ナカバ
翌年,1314,1314,2957,名詞,副詞可能,*,*,*,*,翌年,よくねん,ヨクネン
翌年,1314,1314,7326,名詞,副詞可能,*,*,*,*,翌年,よくとし,ヨクトシ
時,1314,1314,9674,名詞,副詞可能,*,*,*,*,時,とき,トキ
朝まだき,1314,1314,5221,名詞,副詞可能,*,*,*,*,朝まだき,あさまだき,アサマダキ
少々,1314,1314,8304,名詞,副詞可能,*,*,*,*,少々,しょうしょう,ショーショー
長期,1314,1314,6914,名詞,副詞可能,*,*,*,*,長期,ちょうき,チョーキ
九分九厘,1314,1314,4046,名詞,副詞可能,*,*,*,*,九分九厘,くぶくりん,クブクリン
他,1314,1314,8014,名詞,副詞可能,*,*,*,*,他,ほか,ホカ
ぜんぶ,1314,1314,6371,名詞,副詞可能,*,*,*,*,ぜんぶ,ぜんぶ,ゼンブ
足早,1314,1314,5221,名詞,副詞可能,*,*,*,*,足早,あしばや,アシバヤ
一回り,1314,1314,5117,名詞,副詞可能,*,*,*,*,一回り,ひとまわり,ヒトマワリ
客月,1314,1314,5221,名詞,副詞可能,*,*,*,*,客月,かくげつ,カクゲツ
津々浦々,1314,1314,5221,名詞,副詞可能,*,*,*,*,津々浦々,つつうらうら,ツツウラウラ
一刻,1314,1314,4435,名詞,副詞可能,*,*,*,*,一刻,いっこく,イッコク
いっさい,1314,1314,6251,名詞,副詞可能,*,*,*,*,いっさい,いっさい,イッサイ
元来,1314,1314,4752,名詞,副詞可能,*,*,*,*,元来,がんらい,ガンライ
昨春,1314,1314,5212,名詞,副詞可能,*,*,*,*,昨春,さくしゅん,サクシュン
１２月,1314,1314,899,名詞,副詞可能,*,*,*,*,１２月,じゅうにがつ,ジューニガツ
中期,1314,1314,6246,名詞,副詞可能,*,*,*,*,中期,ちゅうき,チューキ
急ぎ,1314,1314,4087,名詞,副詞可能,*,*,*,*,急ぎ,いそぎ,イソギ
水曜,1314,1314,5306,名詞,副詞可能,*,*,*,*,水曜,すいよう,スイヨー
若干,1314,1314,5216,名詞,副詞可能,*,*,*,*,若干,じゃっかん,ジャッカン
来夏,1314,1314,4561,名詞,副詞可能,*,*,*,*,来夏,らいか,ライカ
小半日,1314,1314,5221,名詞,副詞可能,*,*,*,*,小半日,こはんにち,コハンニチ
木曜日,1314,1314,5149,名詞,副詞可能,*,*,*,*,木曜日,もくようび,モクヨービ
木曜,1314,1314,5288,名詞,副詞可能,*,*,*,*,木曜,もくよう,モクヨー
下,1314,1314,8067,名詞,副詞可能,*,*,*,*,下,もと,モト
内実,1314,1314,5390,名詞,副詞可能,*,*,*,*,内実,ないじつ,ナイジツ
一昨昨年,1314,1314,4046,名詞,副詞可能,*,*,*,*,一昨昨年,さきおととし,サキオトトシ
席上,1314,1314,5336,名詞,副詞可能,*,*,*,*,席上,せきじょう,セキジョー
近年,1314,1314,5196,名詞,副詞可能,*,*,*,*,近年,きんねん,キンネン
今次,1314,1314,5220,名詞,副詞可能,*,*,*,*,今次,こんじ,コンジ
傍ら,1314,1314,5497,名詞,副詞可能,*,*,*,*,傍ら,かたわら,カタワラ
反面,1314,1314,5178,名詞,副詞可能,*,*,*,*,反面,はんめん,ハンメン
一章,1314,1314,4397,名詞,副詞可能,*,*,*,*,一章,いっしょう,イッショー
さっき,1314,1314,6575,名詞,副詞可能,*,*,*,*,さっき,さっき,サッキ
あいだ,1314,1314,6701,名詞,副詞可能,*,*,*,*,あいだ,あいだ,アイダ
隔年,1314,1314,5478,名詞,副詞可能,*,*,*,*,隔年,かくねん,カクネン
後半,1314,1314,4009,名詞,副詞可能,*,*,*,*,後半,こうはん,コーハン
案外,1314,1314,5576,名詞,副詞可能,*,*,*,*,案外,あんがい,アンガイ
先般,1314,1314,5219,名詞,副詞可能,*,*,*,*,先般,せんぱん,センパン
本年,1314,1314,5229,名詞,副詞可能,*,*,*,*,本年,ほんねん,ホンネン
初年,1314,1314,5235,名詞,副詞可能,*,*,*,*,初年,しょねん,ショネン
真夏,1314,1314,5760,名詞,副詞可能,*,*,*,*,真夏,まなつ,マナツ
昨冬,1314,1314,5216,名詞,副詞可能,*,*,*,*,昨冬,さくとう,サクトー
平常,1314,1314,5581,名詞,副詞可能,*,*,*,*,平常,へいじょう,ヘイジョー
次第,1314,1314,5711,名詞,副詞可能,*,*,*,*,次第,しだい,シダイ
中葉,1314,1314,5431,名詞,副詞可能,*,*,*,*,中葉,ちゅうよう,チューヨー
元年,1314,1314,5140,名詞,副詞可能,*,*,*,*,元年,がんねん,ガンネン
前週,1314,1314,6034,名詞,副詞可能,*,*,*,*,前週,ぜんしゅう,ゼンシュー
一矢,1314,1314,3882,名詞,副詞可能,*,*,*,*,一矢,いっし,イッシ
太古,1314,1314,4968,名詞,副詞可能,*,*,*,*,太古,たいこ,タイコ
万世,1314,1314,4173,名詞,副詞可能,*,*,*,*,万世,ばんせい,バンセイ
一昼夜,1314,1314,4046,名詞,副詞可能,*,*,*,*,一昼夜,いっちゅうや,イッチューヤ
その時,1314,1314,9776,名詞,副詞可能,*,*,*,*,その時,そのとき,ソノトキ
半日,1314,1314,4505,名詞,副詞可能,*,*,*,*,半日,はんにち,ハンニチ
かわり,1314,1314,6271,名詞,副詞可能,*,*,*,*,かわり,かわり,カワリ
毎次,1314,1314,5221,名詞,副詞可能,*,*,*,*,毎次,まいじ,マイジ
事実,1314,1314,5071,名詞,副詞可能,*,*,*,*,事実,じじつ,ジジツ
総て,1314,1314,5007,名詞,副詞可能,*,*,*,*,総て,すべて,スベテ
生々世々,1314,1314,5221,名詞,副詞可能,*,*,*,*,生々世々,しょうじょうせぜ,ショージョーセゼ
とおり,1314,1314,6738,名詞,副詞可能,*,*,*,*,とおり,とおり,トーリ
将来,1314,1314,4806,名詞,副詞可能,*,*,*,*,将来,しょうらい,ショーライ
真際,1314,1314,5189,名詞,副詞可能,*,*,*,*,真際,まぎわ,マギワ,間際
まっ最中,1314,1314,6276,名詞,副詞可能,*,*,*,*,まっ最中,まっさいちゅう,マッサイチュー
月曜日,1314,1314,5072,名詞,副詞可能,*,*,*,*,月曜日,げつようび,ゲツヨービ
瞬間,1314,1314,5218,名詞,副詞可能,*,*,*,*,瞬間,しゅんかん,シュンカン
処処,1314,1314,5152,名詞,副詞可能,*,*,*,*,処処,ところどころ,トコロドコロ,所々
冬季,1314,1314,5679,名詞,副詞可能,*,*,*,*,冬季,とうき,トーキ
宵,1314,1314,4448,名詞,副詞可能,*,*,*,*,宵,よい,ヨイ
いちばん,1314,1314,5348,名詞,副詞可能,*,*,*,*,いちばん,いちばん,イチバン
一年中,1314,1314,5203,名詞,副詞可能,*,*,*,*,一年中,いちねんじゅう,イチネンジュー
年末,1314,1314,4138,名詞,副詞可能,*,*,*,*,年末,ねんまつ,ネンマツ
いま,1314,1314,4370,名詞,副詞可能,*,*,*,*,いま,いま,イマ
早暁,1314,1314,5216,名詞,副詞可能,*,*,*,*,早暁,そうぎょう,ソーギョー
半ば,1314,1314,5382,名詞,副詞可能,*,*,*,*,半ば,なかば,ナカバ
双方,1314,1314,6922,名詞,副詞可能,*,*,*,*,双方,そうほう,ソーホー
明年,1314,1314,5221,名詞,副詞可能,*,*,*,*,明年,みょうねん,ミョーネン
精いっぱい,1314,1314,6601,名詞,副詞可能,*,*,*,*,精いっぱい,せいいっぱい,セイイッパイ
ふだん,1314,1314,6108,名詞,副詞可能,*,*,*,*,ふだん,ふだん,フダン
戦後,1314,1314,4200,名詞,副詞可能,*,*,*,*,戦後,せんご,センゴ
時分,1314,1314,5409,名詞,副詞可能,*,*,*,*,時分,じぶん,ジブン
一夜,1314,1314,3383,名詞,副詞可能,*,*,*,*,一夜,いちや,イチヤ
一夜,1314,1314,5022,名詞,副詞可能,*,*,*,*,一夜,ひとよ,ヒトヨ
夕暮れ,1314,1314,4904,名詞,副詞可能,*,*,*,*,夕暮れ,ゆうぐれ,ユーグレ
再来週,1314,1314,5092,名詞,副詞可能,*,*,*,*,再来週,さらいしゅう,サライシュー
ひとり,1314,1314,7657,名詞,副詞可能,*,*,*,*,ひとり,ひとり,ヒトリ
何かしら,1314,1314,6501,名詞,副詞可能,*,*,*,*,何かしら,なにかしら,ナニカシラ
晩節,1314,1314,5221,名詞,副詞可能,*,*,*,*,晩節,ばんせつ,バンセツ
隙隙,1314,1314,5221,名詞,副詞可能,*,*,*,*,隙隙,ひまひま,ヒマヒマ,暇々
客年,1314,1314,5478,名詞,副詞可能,*,*,*,*,客年,かくねん,カクネン
一週,1314,1314,4022,名詞,副詞可能,*,*,*,*,一週,いっしゅう,イッシュー
長時間,1314,1314,5192,名詞,副詞可能,*,*,*,*,長時間,ちょうじかん,チョージカン
此の節,1314,1314,5221,名詞,副詞可能,*,*,*,*,此の節,このせつ,コノセツ
行末,1314,1314,5091,名詞,副詞可能,*,*,*,*,行末,ゆくすえ,ユクスエ
安息,1314,1314,5322,名詞,副詞可能,*,*,*,*,安息,あんそく,アンソク
大挙,1314,1314,5221,名詞,副詞可能,*,*,*,*,大挙,たいきょ,タイキョ
早晩,1314,1314,4267,名詞,副詞可能,*,*,*,*,早晩,そうばん,ソーバン
前後,1314,1314,-990,名詞,副詞可能,*,*,*,*,前後,ぜんご,ゼンゴ
中ごろ,1314,1314,5485,名詞,副詞可能,*,*,*,*,中ごろ,なかごろ,ナカゴロ
ひところ,1314,1314,6348,名詞,副詞可能,*,*,*,*,ひところ,ひところ,ヒトコロ
中世,1314,1314,5903,名詞,副詞可能,*,*,*,*,中世,ちゅうせい,チューセイ
去春,1314,1314,5221,名詞,副詞可能,*,*,*,*,去春,きょしゅん,キョシュン
この内,1314,1314,6353,名詞,副詞可能,*,*,*,*,この内,このうち,コノウチ
半季,1314,1314,5410,名詞,副詞可能,*,*,*,*,半季,はんき,ハンキ
１番,1314,1314,6294,名詞,副詞可能,*,*,*,*,１番,いちばん,イチバン
今後,1314,1314,166,名詞,副詞可能,*,*,*,*,今後,こんご,コンゴ
そのうち,1314,1314,6655,名詞,副詞可能,*,*,*,*,そのうち,そのうち,ソノウチ
５月,1314,1314,2591,名詞,副詞可能,*,*,*,*,５月,ごがつ,ゴガツ
次回,1314,1314,3503,名詞,副詞可能,*,*,*,*,次回,じかい,ジカイ
尽日,1314,1314,5221,名詞,副詞可能,*,*,*,*,尽日,じんじつ,ジンジツ
翌日,1314,1314,4377,名詞,副詞可能,*,*,*,*,翌日,よくじつ,ヨクジツ
門並,1314,1314,5221,名詞,副詞可能,*,*,*,*,門並,かどなみ,カドナミ
累次,1314,1314,5221,名詞,副詞可能,*,*,*,*,累次,るいじ,ルイジ
６月,1314,1314,2658,名詞,副詞可能,*,*,*,*,６月,ろくがつ,ロクガツ
近ごろ,1314,1314,5086,名詞,副詞可能,*,*,*,*,近ごろ,ちかごろ,チカゴロ
この程,1314,1314,6201,名詞,副詞可能,*,*,*,*,この程,このほど,コノホド
前日,1314,1314,1436,名詞,副詞可能,*,*,*,*,前日,ぜんじつ,ゼンジツ
晩年,1314,1314,5089,名詞,副詞可能,*,*,*,*,晩年,ばんねん,バンネン
この間,1314,1314,5946,名詞,副詞可能,*,*,*,*,この間,このかん,コノカン
この間,1314,1314,6767,名詞,副詞可能,*,*,*,*,この間,このあいだ,コノアイダ
戦前,1314,1314,7199,名詞,副詞可能,*,*,*,*,戦前,せんぜん,センゼン
一切合切,1314,1314,4046,名詞,副詞可能,*,*,*,*,一切合切,いっさいがっさい,イッサイガッサイ
下期,1314,1314,4063,名詞,副詞可能,*,*,*,*,下期,しもき,シモキ
火曜日,1314,1314,4937,名詞,副詞可能,*,*,*,*,火曜日,かようび,カヨービ
今,1314,1314,5232,名詞,副詞可能,*,*,*,*,今,いま,イマ
一生懸命,1314,1314,3645,名詞,副詞可能,*,*,*,*,一生懸命,いっしょうけんめい,イッショーケンメイ
ひと晩,1314,1314,7619,名詞,副詞可能,*,*,*,*,ひと晩,ひとばん,ヒトバン
近来,1314,1314,5221,名詞,副詞可能,*,*,*,*,近来,きんらい,キンライ
去年,1314,1314,5220,名詞,副詞可能,*,*,*,*,去年,きょねん,キョネン
早春,1314,1314,5395,名詞,副詞可能,*,*,*,*,早春,そうしゅん,ソーシュン
晩,1314,1314,4643,名詞,副詞可能,*,*,*,*,晩,ばん,バン
一時期,1314,1314,2966,名詞,副詞可能,*,*,*,*,一時期,いちじき,イチジキ
長年,1314,1314,4937,名詞,副詞可能,*,*,*,*,長年,ながねん,ナガネン
おり,1314,1314,8265,名詞,副詞可能,*,*,*,*,おり,おり,オリ
此の方,1314,1314,5319,名詞,副詞可能,*,*,*,*,此の方,このかた,コノカタ
後月,1314,1314,5221,名詞,副詞可能,*,*,*,*,後月,あとげつ,アトゲツ
今夏,1314,1314,5034,名詞,副詞可能,*,*,*,*,今夏,こんか,コンカ
朝,1314,1314,4227,名詞,副詞可能,*,*,*,*,朝,あさ,アサ
朝,1314,1314,8416,名詞,副詞可能,*,*,*,*,朝,ちょう,チョー
多く,1314,1314,1069,名詞,副詞可能,*,*,*,*,多く,おおく,オーク
後後,1314,1314,5220,名詞,副詞可能,*,*,*,*,後後,あとあと,アトアト,後々
根こそぎ,1314,1314,4884,名詞,副詞可能,*,*,*,*,根こそぎ,ねこそぎ,ネコソギ
年,1314,1314,10401,名詞,副詞可能,*,*,*,*,年,とし,トシ
初旬,1314,1314,4953,名詞,副詞可能,*,*,*,*,初旬,しょじゅん,ショジュン
つかの間,1314,1314,5811,名詞,副詞可能,*,*,*,*,つかの間,つかのま,ツカノマ
他日,1314,1314,5221,名詞,副詞可能,*,*,*,*,他日,たじつ,タジツ
当代,1314,1314,5054,名詞,副詞可能,*,*,*,*,当代,とうだい,トーダイ
一廉,1314,1314,4237,名詞,副詞可能,*,*,*,*,一廉,ひとかど,ヒトカド,一角
他年,1314,1314,5222,名詞,副詞可能,*,*,*,*,他年,たねん,タネン
他面,1314,1314,5220,名詞,副詞可能,*,*,*,*,他面,ためん,タメン
ひと通り,1314,1314,6375,名詞,副詞可能,*,*,*,*,ひと通り,ひととおり,ヒトトーリ
時節柄,1314,1314,5209,名詞,副詞可能,*,*,*,*,時節柄,じせつがら,ジセツガラ
ひと目,1314,1314,6776,名詞,副詞可能,*,*,*,*,ひと目,ひとめ,ヒトメ
先夜,1314,1314,5181,名詞,副詞可能,*,*,*,*,先夜,せんや,センヤ
今年,1314,1314,2848,名詞,副詞可能,*,*,*,*,今年,ことし,コトシ
はじめ,1314,1314,4140,名詞,副詞可能,*,*,*,*,はじめ,はじめ,ハジメ
此の際,1314,1314,5331,名詞,副詞可能,*,*,*,*,此の際,このさい,コノサイ
当年,1314,1314,5202,名詞,副詞可能,*,*,*,*,当年,とうねん,トーネン
あとあと,1314,1314,6347,名詞,副詞可能,*,*,*,*,あとあと,あとあと,アトアト
昨今,1314,1314,5196,名詞,副詞可能,*,*,*,*,昨今,さっこん,サッコン
同夜,1314,1314,4467,名詞,副詞可能,*,*,*,*,同夜,どうや,ドーヤ
数々,1314,1314,4200,名詞,副詞可能,*,*,*,*,数々,かずかず,カズカズ
一昨昨日,1314,1314,4046,名詞,副詞可能,*,*,*,*,一昨昨日,さきおととい,サキオトトイ
半,1314,1314,11036,名詞,副詞可能,*,*,*,*,半,はん,ハン
此の前,1314,1314,5287,名詞,副詞可能,*,*,*,*,此の前,このまえ,コノマエ
明晩,1314,1314,5221,名詞,副詞可能,*,*,*,*,明晩,みょうばん,ミョーバン
春さき,1314,1314,5203,名詞,副詞可能,*,*,*,*,春さき,はるさき,ハルサキ
来年度,1314,1314,5946,名詞,副詞可能,*,*,*,*,来年度,らいねんど,ライネンド
金曜,1314,1314,5357,名詞,副詞可能,*,*,*,*,金曜,きんよう,キンヨー
間近,1314,1314,3815,名詞,副詞可能,*,*,*,*,間近,まぢか,マジカ
世々,1314,1314,5221,名詞,副詞可能,*,*,*,*,世々,よよ,ヨヨ,代々
即日,1314,1314,4841,名詞,副詞可能,*,*,*,*,即日,そくじつ,ソクジツ
昨月,1314,1314,5221,名詞,副詞可能,*,*,*,*,昨月,さくげつ,サクゲツ
朝方,1314,1314,5153,名詞,副詞可能,*,*,*,*,朝方,あさがた,アサガタ
大概,1314,1314,5022,名詞,副詞可能,*,*,*,*,大概,たいがい,タイガイ
術後,1314,1314,5221,名詞,副詞可能,*,*,*,*,術後,じゅつご,ジュツゴ
寸分,1314,1314,5221,名詞,副詞可能,*,*,*,*,寸分,すんぶん,スンブン
一足,1314,1314,4371,名詞,副詞可能,*,*,*,*,一足,いっそく,イッソク
このあいだ,1314,1314,6452,名詞,副詞可能,*,*,*,*,このあいだ,このあいだ,コノアイダ
その他,1314,1314,5313,名詞,副詞可能,*,*,*,*,その他,そのた,ソノタ
一筆,1314,1314,3777,名詞,副詞可能,*,*,*,*,一筆,いっぴつ,イッピツ
代々,1314,1314,5180,名詞,副詞可能,*,*,*,*,代々,だいだい,ダイダイ
朝夕,1314,1314,4994,名詞,副詞可能,*,*,*,*,朝夕,あさゆう,アサユー
少時,1314,1314,4726,名詞,副詞可能,*,*,*,*,少時,しょうじ,ショージ
百方,1314,1314,4046,名詞,副詞可能,*,*,*,*,百方,ひゃっぽう,ヒャッポー
午后,1314,1314,4980,名詞,副詞可能,*,*,*,*,午后,ごご,ゴゴ,午後
大略,1314,1314,5221,名詞,副詞可能,*,*,*,*,大略,たいりゃく,タイリャク
途次,1314,1314,5223,名詞,副詞可能,*,*,*,*,途次,とじ,トジ
今期,1314,1314,5632,名詞,副詞可能,*,*,*,*,今期,こんき,コンキ
昼前,1314,1314,5563,名詞,副詞可能,*,*,*,*,昼前,ひるまえ,ヒルマエ
客冬,1314,1314,4926,名詞,副詞可能,*,*,*,*,客冬,かくとう,カクトー
殆ど,1314,1314,4757,名詞,副詞可能,*,*,*,*,殆ど,ほとんど,ホトンド
昼間,1314,1314,4958,名詞,副詞可能,*,*,*,*,昼間,ひるま,ヒルマ
百代,1314,1314,4046,名詞,副詞可能,*,*,*,*,百代,ひゃくだい,ヒャクダイ
一回,1314,1314,6282,名詞,副詞可能,*,*,*,*,一回,いっかい,イッカイ
火曜,1314,1314,5002,名詞,副詞可能,*,*,*,*,火曜,かよう,カヨー
最期,1314,1314,5275,名詞,副詞可能,*,*,*,*,最期,さいご,サイゴ
一国,1314,1314,10462,名詞,副詞可能,*,*,*,*,一国,いっこく,イッコク
さなか,1314,1314,6270,名詞,副詞可能,*,*,*,*,さなか,さなか,サナカ
今朝,1314,1314,4794,名詞,副詞可能,*,*,*,*,今朝,けさ,ケサ
今朝,1314,1314,5596,名詞,副詞可能,*,*,*,*,今朝,こんちょう,コンチョー
春夏秋冬,1314,1314,5279,名詞,副詞可能,*,*,*,*,春夏秋冬,しゅんかしゅうとう,シュンカシュートー
朝晩,1314,1314,5221,名詞,副詞可能,*,*,*,*,朝晩,あさばん,アサバン
戦時,1314,1314,6740,名詞,副詞可能,*,*,*,*,戦時,せんじ,センジ
数等,1314,1314,5852,名詞,副詞可能,*,*,*,*,数等,すうとう,スートー
昼中,1314,1314,5221,名詞,副詞可能,*,*,*,*,昼中,ひるなか,ヒルナカ
年々,1314,1314,3504,名詞,副詞可能,*,*,*,*,年々,ねんねん,ネンネン
当時,1314,1314,2298,名詞,副詞可能,*,*,*,*,当時,とうじ,トージ
時季,1314,1314,4566,名詞,副詞可能,*,*,*,*,時季,じき,ジキ
十中八九,1314,1314,4046,名詞,副詞可能,*,*,*,*,十中八九,じゅっちゅうはっく,ジュッチューハック
十中八九,1314,1314,4046,名詞,副詞可能,*,*,*,*,十中八九,じっちゅうはっく,ジッチューハック
今晩,1314,1314,5175,名詞,副詞可能,*,*,*,*,今晩,こんばん,コンバン
永年,1314,1314,4522,名詞,副詞可能,*,*,*,*,永年,えいねん,エイネン
永年,1314,1314,5828,名詞,副詞可能,*,*,*,*,永年,ながねん,ナガネン,長年
一層,1314,1314,5420,名詞,副詞可能,*,*,*,*,一層,いっそう,イッソー
直接,1314,1314,3792,名詞,副詞可能,*,*,*,*,直接,ちょくせつ,チョクセツ
各人,1314,1314,5566,名詞,副詞可能,*,*,*,*,各人,かくじん,カクジン
その頃,1314,1314,6348,名詞,副詞可能,*,*,*,*,その頃,そのころ,ソノコロ
日毎,1314,1314,5221,名詞,副詞可能,*,*,*,*,日毎,ひごと,ヒゴト
ねこそぎ,1314,1314,6348,名詞,副詞可能,*,*,*,*,ねこそぎ,ねこそぎ,ネコソギ
処々,1314,1314,5152,名詞,副詞可能,*,*,*,*,処々,ところどころ,トコロドコロ
此の先,1314,1314,5422,名詞,副詞可能,*,*,*,*,此の先,このさき,コノサキ
昨日今日,1314,1314,5221,名詞,副詞可能,*,*,*,*,昨日今日,きのうきょう,キノーキョー
方々,1314,1314,6816,名詞,副詞可能,*,*,*,*,方々,ほうぼう,ホーボー
夜来,1314,1314,5223,名詞,副詞可能,*,*,*,*,夜来,やらい,ヤライ
きのう,1314,1314,5621,名詞,副詞可能,*,*,*,*,きのう,きのう,キノー
夜々,1314,1314,5221,名詞,副詞可能,*,*,*,*,夜々,よよ,ヨヨ
毎時,1314,1314,5654,名詞,副詞可能,*,*,*,*,毎時,まいじ,マイジ
今時,1314,1314,5172,名詞,副詞可能,*,*,*,*,今時,いまどき,イマドキ
この方,1314,1314,7034,名詞,副詞可能,*,*,*,*,この方,このかた,コノカタ
一瞬,1314,1314,4044,名詞,副詞可能,*,*,*,*,一瞬,いっしゅん,イッシュン
頃日,1314,1314,5221,名詞,副詞可能,*,*,*,*,頃日,けいじつ,ケイジツ
一昨日,1314,1314,4046,名詞,副詞可能,*,*,*,*,一昨日,おととい,オトトイ
八月,1314,1314,2787,名詞,副詞可能,*,*,*,*,八月,はちがつ,ハチガツ
当夜,1314,1314,5393,名詞,副詞可能,*,*,*,*,当夜,とうや,トーヤ
折,1314,1314,6454,名詞,副詞可能,*,*,*,*,折,おり,オリ
帰りがけ,1314,1314,5221,名詞,副詞可能,*,*,*,*,帰りがけ,かえりがけ,カエリガケ
ついたち,1314,1314,6348,名詞,副詞可能,*,*,*,*,ついたち,ついたち,ツイタチ
少量,1314,1314,4393,名詞,副詞可能,*,*,*,*,少量,しょうりょう,ショーリョー
初頭,1314,1314,3323,名詞,副詞可能,*,*,*,*,初頭,しょとう,ショトー
先晩,1314,1314,5279,名詞,副詞可能,*,*,*,*,先晩,せんばん,センバン
初日,1314,1314,5002,名詞,副詞可能,*,*,*,*,初日,しょにち,ショニチ
明後日,1314,1314,4802,名詞,副詞可能,*,*,*,*,明後日,みょうごにち,ミョーゴニチ
明後日,1314,1314,5606,名詞,副詞可能,*,*,*,*,明後日,あさって,アサッテ
毎食,1314,1314,5221,名詞,副詞可能,*,*,*,*,毎食,まいしょく,マイショク
昨年,1314,1314,4275,名詞,副詞可能,*,*,*,*,昨年,さくねん,サクネン
年初来,1314,1314,5221,名詞,副詞可能,*,*,*,*,年初来,ねんしょらい,ネンショライ
瞬時,1314,1314,4750,名詞,副詞可能,*,*,*,*,瞬時,しゅんじ,シュンジ
誠意,1314,1314,3113,名詞,副詞可能,*,*,*,*,誠意,せいい,セイイ
千古,1314,1314,4046,名詞,副詞可能,*,*,*,*,千古,せんこ,センコ
自ら,1314,1314,5213,名詞,副詞可能,*,*,*,*,自ら,みずから,ミズカラ
翌朝,1314,1314,4702,名詞,副詞可能,*,*,*,*,翌朝,よくあさ,ヨクアサ
翌朝,1314,1314,4969,名詞,副詞可能,*,*,*,*,翌朝,よくちょう,ヨクチョー
時余,1314,1314,5221,名詞,副詞可能,*,*,*,*,時余,じよ,ジヨ
年来,1314,1314,5155,名詞,副詞可能,*,*,*,*,年来,ねんらい,ネンライ
毎年,1314,1314,2340,名詞,副詞可能,*,*,*,*,毎年,まいとし,マイトシ
毎年,1314,1314,8047,名詞,副詞可能,*,*,*,*,毎年,まいねん,マイネン
途中,1314,1314,3847,名詞,副詞可能,*,*,*,*,途中,とちゅう,トチュー
代代,1314,1314,5221,名詞,副詞可能,*,*,*,*,代代,だいだい,ダイダイ,代々
いったん,1314,1314,7694,名詞,副詞可能,*,*,*,*,いったん,いったん,イッタン
以前,1314,1314,5278,名詞,副詞可能,*,*,*,*,以前,いぜん,イゼン
昨日,1314,1314,4942,名詞,副詞可能,*,*,*,*,昨日,きのう,キノー
毎秒,1314,1314,5678,名詞,副詞可能,*,*,*,*,毎秒,まいびょう,マイビョー
毎月,1314,1314,5195,名詞,副詞可能,*,*,*,*,毎月,まいつき,マイツキ
食前,1314,1314,4945,名詞,副詞可能,*,*,*,*,食前,しょくぜん,ショクゼン
当今,1314,1314,5175,名詞,副詞可能,*,*,*,*,当今,とうこん,トーコン
毎期,1314,1314,5221,名詞,副詞可能,*,*,*,*,毎期,まいき,マイキ
紀元前,1314,1314,4857,名詞,副詞可能,*,*,*,*,紀元前,きげんぜん,キゲンゼン
こん度,1314,1314,6300,名詞,副詞可能,*,*,*,*,こん度,こんど,コンド
以上,1314,1314,7350,名詞,副詞可能,*,*,*,*,以上,いじょう,イジョー
あと,1314,1314,6788,名詞,副詞可能,*,*,*,*,あと,あと,アト
夕方,1314,1314,4414,名詞,副詞可能,*,*,*,*,夕方,ゆうがた,ユーガタ
一転,1314,1314,3868,名詞,副詞可能,*,*,*,*,一転,いってん,イッテン
ひと頃,1314,1314,6348,名詞,副詞可能,*,*,*,*,ひと頃,ひところ,ヒトコロ
一斉,1314,1314,1783,名詞,副詞可能,*,*,*,*,一斉,いっせい,イッセイ
当歳,1314,1314,5221,名詞,副詞可能,*,*,*,*,当歳,とうさい,トーサイ
前夜,1314,1314,3999,名詞,副詞可能,*,*,*,*,前夜,ぜんや,ゼンヤ
年年,1314,1314,4976,名詞,副詞可能,*,*,*,*,年年,ねんねん,ネンネン,年々
一時,1314,1314,1227,名詞,副詞可能,*,*,*,*,一時,いちじ,イチジ
一時,1314,1314,4515,名詞,副詞可能,*,*,*,*,一時,ひととき,ヒトトキ
おととい,1314,1314,6348,名詞,副詞可能,*,*,*,*,おととい,おととい,オトトイ
平年,1314,1314,4968,名詞,副詞可能,*,*,*,*,平年,へいねん,ヘイネン
方今,1314,1314,5221,名詞,副詞可能,*,*,*,*,方今,ほうこん,ホーコン
天性,1314,1314,5546,名詞,副詞可能,*,*,*,*,天性,てんせい,テンセイ
五分,1314,1314,5485,名詞,副詞可能,*,*,*,*,五分,ごぶ,ゴブ
一度,1314,1314,7307,名詞,副詞可能,*,*,*,*,一度,いちど,イチド
復路,1314,1314,5422,名詞,副詞可能,*,*,*,*,復路,ふくろ,フクロ
曰く,1314,1314,5218,名詞,副詞可能,*,*,*,*,曰く,いわく,イワク
途上,1314,1314,4087,名詞,副詞可能,*,*,*,*,途上,とじょう,トジョー
当節,1314,1314,5221,名詞,副詞可能,*,*,*,*,当節,とうせつ,トーセツ
早秋,1314,1314,5221,名詞,副詞可能,*,*,*,*,早秋,そうしゅう,ソーシュー
かたわら,1314,1314,6336,名詞,副詞可能,*,*,*,*,かたわら,かたわら,カタワラ
今月,1314,1314,4789,名詞,副詞可能,*,*,*,*,今月,こんげつ,コンゲツ
今夕,1314,1314,5060,名詞,副詞可能,*,*,*,*,今夕,こんゆう,コンユー
月頃,1314,1314,5221,名詞,副詞可能,*,*,*,*,月頃,つきごろ,ツキゴロ
出会い頭,1314,1314,5221,名詞,副詞可能,*,*,*,*,出会い頭,であいがしら,デアイガシラ
水無月,1314,1314,5221,名詞,副詞可能,*,*,*,*,水無月,みなづき,ミナズキ
旧来,1314,1314,5583,名詞,副詞可能,*,*,*,*,旧来,きゅうらい,キューライ
夜分,1314,1314,5221,名詞,副詞可能,*,*,*,*,夜分,やぶん,ヤブン
下旬,1314,1314,4245,名詞,副詞可能,*,*,*,*,下旬,げじゅん,ゲジュン
刻下,1314,1314,4491,名詞,副詞可能,*,*,*,*,刻下,こっか,コッカ
翌月,1314,1314,5206,名詞,副詞可能,*,*,*,*,翌月,よくげつ,ヨクゲツ
夜毎,1314,1314,5221,名詞,副詞可能,*,*,*,*,夜毎,よごと,ヨゴト
ほうぼう,1314,1314,6672,名詞,副詞可能,*,*,*,*,ほうぼう,ほうぼう,ホーボー
金曜日,1314,1314,5023,名詞,副詞可能,*,*,*,*,金曜日,きんようび,キンヨービ
文字通り,1314,1314,3332,名詞,副詞可能,*,*,*,*,文字通り,もじどおり,モジドーリ
寒中,1314,1314,5221,名詞,副詞可能,*,*,*,*,寒中,かんちゅう,カンチュー
同期,1314,1314,1880,名詞,副詞可能,*,*,*,*,同期,どうき,ドーキ
本初,1314,1314,5319,名詞,副詞可能,*,*,*,*,本初,ほんしょ,ホンショ
昨夕,1314,1314,5221,名詞,副詞可能,*,*,*,*,昨夕,さくゆう,サクユー
初め,1314,1314,3029,名詞,副詞可能,*,*,*,*,初め,はじめ,ハジメ
客臘,1314,1314,5221,名詞,副詞可能,*,*,*,*,客臘,かくろう,カクロー
満都,1314,1314,5221,名詞,副詞可能,*,*,*,*,満都,まんと,マント
居常,1314,1314,5221,名詞,副詞可能,*,*,*,*,居常,きょじょう,キョジョー
今冬,1314,1314,5184,名詞,副詞可能,*,*,*,*,今冬,こんとう,コントー
上旬,1314,1314,4866,名詞,副詞可能,*,*,*,*,上旬,じょうじゅん,ジョージュン
遠く,1314,1314,5489,名詞,副詞可能,*,*,*,*,遠く,とおく,トーク
一晩,1314,1314,5110,名詞,副詞可能,*,*,*,*,一晩,ひとばん,ヒトバン
あした,1314,1314,5784,名詞,副詞可能,*,*,*,*,あした,あした,アシタ
秋涼,1314,1314,5212,名詞,副詞可能,*,*,*,*,秋涼,しゅうりょう,シューリョー
あす,1314,1314,6832,名詞,副詞可能,*,*,*,*,あす,あす,アス
帰路,1314,1314,5394,名詞,副詞可能,*,*,*,*,帰路,きろ,キロ
白昼,1314,1314,5221,名詞,副詞可能,*,*,*,*,白昼,はくちゅう,ハクチュー
常時,1314,1314,5215,名詞,副詞可能,*,*,*,*,常時,じょうじ,ジョージ
９月,1314,1314,2467,名詞,副詞可能,*,*,*,*,９月,くがつ,クガツ
この先,1314,1314,7755,名詞,副詞可能,*,*,*,*,この先,このさき,コノサキ
その後,1314,1314,1747,名詞,副詞可能,*,*,*,*,その後,そのご,ソノゴ
半年,1314,1314,1872,名詞,副詞可能,*,*,*,*,半年,はんとし,ハントシ
夜中,1314,1314,5479,名詞,副詞可能,*,*,*,*,夜中,よなか,ヨナカ
倍量,1314,1314,5207,名詞,副詞可能,*,*,*,*,倍量,ばいりょう,バイリョー
一再,1314,1314,3949,名詞,副詞可能,*,*,*,*,一再,いっさい,イッサイ
月末,1314,1314,8865,名詞,副詞可能,*,*,*,*,月末,げつまつ,ゲツマツ
こないだ,1314,1314,6348,名詞,副詞可能,*,*,*,*,こないだ,こないだ,コナイダ
平素,1314,1314,5425,名詞,副詞可能,*,*,*,*,平素,へいそ,ヘイソ
一首,1314,1314,5369,名詞,副詞可能,*,*,*,*,一首,いっしゅ,イッシュ
方方,1314,1314,5545,名詞,副詞可能,*,*,*,*,方方,ほうぼう,ホーボー,方々
一銭,1314,1314,4742,名詞,副詞可能,*,*,*,*,一銭,いっせん,イッセン
全て,1314,1314,5007,名詞,副詞可能,*,*,*,*,全て,すべて,スベテ
即刻,1314,1314,5201,名詞,副詞可能,*,*,*,*,即刻,そっこく,ソッコク
ひととき,1314,1314,7052,名詞,副詞可能,*,*,*,*,ひととき,ひととき,ヒトトキ
先年,1314,1314,5217,名詞,副詞可能,*,*,*,*,先年,せんねん,センネン
先月,1314,1314,4929,名詞,副詞可能,*,*,*,*,先月,せんげつ,センゲツ
際,1314,1314,7036,名詞,副詞可能,*,*,*,*,際,さい,サイ
後来,1314,1314,5196,名詞,副詞可能,*,*,*,*,後来,こうらい,コーライ
一朝,1314,1314,4228,名詞,副詞可能,*,*,*,*,一朝,いっちょう,イッチョー
万古,1314,1314,4046,名詞,副詞可能,*,*,*,*,万古,ばんこ,バンコ
さきおととい,1314,1314,6348,名詞,副詞可能,*,*,*,*,さきおととい,さきおととい,サキオトトイ
幼時,1314,1314,5344,名詞,副詞可能,*,*,*,*,幼時,ようじ,ヨージ
別れ際,1314,1314,5158,名詞,副詞可能,*,*,*,*,別れ際,わかれぎわ,ワカレギワ
さきおととし,1314,1314,6348,名詞,副詞可能,*,*,*,*,さきおととし,さきおととし,サキオトトシ
相当,1314,1314,6357,名詞,副詞可能,*,*,*,*,相当,そうとう,ソートー
毎回,1314,1314,5188,名詞,副詞可能,*,*,*,*,毎回,まいかい,マイカイ
真最中,1314,1314,5149,名詞,副詞可能,*,*,*,*,真最中,まっさいちゅう,マッサイチュー
午前,1314,1314,4802,名詞,副詞可能,*,*,*,*,午前,ごぜん,ゴゼン
日,1314,1314,7973,名詞,副詞可能,*,*,*,*,日,ひ,ヒ
万代,1314,1314,4041,名詞,副詞可能,*,*,*,*,万代,ばんだい,バンダイ
毎日,1314,1314,4483,名詞,副詞可能,*,*,*,*,毎日,まいにち,マイニチ
同年,1314,1314,2647,名詞,副詞可能,*,*,*,*,同年,どうねん,ドーネン
終年,1314,1314,5138,名詞,副詞可能,*,*,*,*,終年,しゅうねん,シューネン
先日,1314,1314,3470,名詞,副詞可能,*,*,*,*,先日,せんじつ,センジツ
此の間,1314,1314,5325,名詞,副詞可能,*,*,*,*,此の間,このあいだ,コノアイダ
此の間,1314,1314,5120,名詞,副詞可能,*,*,*,*,此の間,このかん,コノカン
一糸,1314,1314,3908,名詞,副詞可能,*,*,*,*,一糸,いっし,イッシ
一番,1314,1314,1943,名詞,副詞可能,*,*,*,*,一番,いちばん,イチバン
今時分,1314,1314,5221,名詞,副詞可能,*,*,*,*,今時分,いまじぶん,イマジブン
この度,1314,1314,6596,名詞,副詞可能,*,*,*,*,この度,このたび,コノタビ
当初,1314,1314,3358,名詞,副詞可能,*,*,*,*,当初,とうしょ,トーショ
１１月,1314,1314,1071,名詞,副詞可能,*,*,*,*,１１月,じゅういちがつ,ジューイチガツ
此の程,1314,1314,5051,名詞,副詞可能,*,*,*,*,此の程,このほど,コノホド
上期,1314,1314,4208,名詞,副詞可能,*,*,*,*,上期,かみき,カミキ
一頃,1314,1314,4046,名詞,副詞可能,*,*,*,*,一頃,ひところ,ヒトコロ
今暁,1314,1314,5221,名詞,副詞可能,*,*,*,*,今暁,こんぎょう,コンギョー
それぞれ,1314,1314,3964,名詞,副詞可能,*,*,*,*,それぞれ,それぞれ,ソレゾレ
毎夕,1314,1314,5221,名詞,副詞可能,*,*,*,*,毎夕,まいゆう,マイユー
しあさって,1314,1314,6348,名詞,副詞可能,*,*,*,*,しあさって,しあさって,シアサッテ
日頃,1314,1314,4954,名詞,副詞可能,*,*,*,*,日頃,ひごろ,ヒゴロ
一発,1314,1314,6062,名詞,副詞可能,*,*,*,*,一発,いっぱつ,イッパツ
夜長,1314,1314,5175,名詞,副詞可能,*,*,*,*,夜長,よなが,ヨナガ
明け暮れ,1314,1314,5221,名詞,副詞可能,*,*,*,*,明け暮れ,あけくれ,アケクレ
中旬,1314,1314,4821,名詞,副詞可能,*,*,*,*,中旬,ちゅうじゅん,チュージュン
ぜんたい,1314,1314,6183,名詞,副詞可能,*,*,*,*,ぜんたい,ぜんたい,ゼンタイ
五月,1314,1314,2027,名詞,副詞可能,*,*,*,*,五月,ごがつ,ゴガツ
夕,1314,1314,3378,名詞,副詞可能,*,*,*,*,夕,ゆう,ユー
夕,1314,1314,6211,名詞,副詞可能,*,*,*,*,夕,ゆうべ,ユーベ
一挙,1314,1314,3292,名詞,副詞可能,*,*,*,*,一挙,いっきょ,イッキョ
独力,1314,1314,5221,名詞,副詞可能,*,*,*,*,独力,どくりょく,ドクリョク
先先,1314,1314,5151,名詞,副詞可能,*,*,*,*,先先,さきざき,サキザキ,先々
頃おい,1314,1314,5221,名詞,副詞可能,*,*,*,*,頃おい,ころおい,コロオイ
ともども,1314,1314,6081,名詞,副詞可能,*,*,*,*,ともども,ともども,トモドモ
末々,1314,1314,5221,名詞,副詞可能,*,*,*,*,末々,すえずえ,スエズエ
半時,1314,1314,5221,名詞,副詞可能,*,*,*,*,半時,はんとき,ハントキ
史上,1314,1314,7445,名詞,副詞可能,*,*,*,*,史上,しじょう,シジョー
時刻,1314,1314,5768,名詞,副詞可能,*,*,*,*,時刻,じこく,ジコク
半夜,1314,1314,5221,名詞,副詞可能,*,*,*,*,半夜,はんや,ハンヤ
不断,1314,1314,5072,名詞,副詞可能,*,*,*,*,不断,ふだん,フダン
ひと回り,1314,1314,6096,名詞,副詞可能,*,*,*,*,ひと回り,ひとまわり,ヒトマワリ
目下,1314,1314,4455,名詞,副詞可能,*,*,*,*,目下,もっか,モッカ
宵の口,1314,1314,5221,名詞,副詞可能,*,*,*,*,宵の口,よいのくち,ヨイノクチ
当期,1314,1314,5323,名詞,副詞可能,*,*,*,*,当期,とうき,トーキ
直前,1314,1314,7230,名詞,副詞可能,*,*,*,*,直前,ちょくぜん,チョクゼン
昨週,1314,1314,5355,名詞,副詞可能,*,*,*,*,昨週,さくしゅう,サクシュー
鎧袖一触,1314,1314,5221,名詞,副詞可能,*,*,*,*,鎧袖一触,がいしゅういっしょく,ガイシューイッショク
旦夕,1314,1314,5221,名詞,副詞可能,*,*,*,*,旦夕,たんせき,タンセキ
先程,1314,1314,5292,名詞,副詞可能,*,*,*,*,先程,さきほど,サキホド
十二月,1314,1314,-1153,名詞,副詞可能,*,*,*,*,十二月,じゅうにがつ,ジューニガツ
生生世世,1314,1314,5221,名詞,副詞可能,*,*,*,*,生生世世,しょうじょうせぜ,ショージョーセゼ
刹那,1314,1314,5223,名詞,副詞可能,*,*,*,*,刹那,せつな,セツナ
夜夜,1314,1314,5221,名詞,副詞可能,*,*,*,*,夜夜,よよ,ヨヨ,夜々
のち,1314,1314,6244,名詞,副詞可能,*,*,*,*,のち,のち,ノチ
千里,1314,1314,4177,名詞,副詞可能,*,*,*,*,千里,せんり,センリ
たかだか,1314,1314,5768,名詞,副詞可能,*,*,*,*,たかだか,たかだか,タカダカ
一夕,1314,1314,4169,名詞,副詞可能,*,*,*,*,一夕,いっせき,イッセキ
今頃,1314,1314,5920,名詞,副詞可能,*,*,*,*,今頃,いまごろ,イマゴロ
七生,1314,1314,4046,名詞,副詞可能,*,*,*,*,七生,しちしょう,シチショー
後日,1314,1314,5000,名詞,副詞可能,*,*,*,*,後日,ごじつ,ゴジツ
どさくさ,1314,1314,6348,名詞,副詞可能,*,*,*,*,どさくさ,どさくさ,ドサクサ
一遍,1314,1314,3946,名詞,副詞可能,*,*,*,*,一遍,いっぺん,イッペン
２月,1314,1314,4277,名詞,副詞可能,*,*,*,*,２月,にがつ,ニガツ
全日,1314,1314,5692,名詞,副詞可能,*,*,*,*,全日,ぜんじつ,ゼンジツ
当月,1314,1314,5221,名詞,副詞可能,*,*,*,*,当月,とうげつ,トーゲツ
日曜,1314,1314,3954,名詞,副詞可能,*,*,*,*,日曜,にちよう,ニチヨー
前年,1314,1314,2456,名詞,副詞可能,*,*,*,*,前年,ぜんねん,ゼンネン
多年,1314,1314,5223,名詞,副詞可能,*,*,*,*,多年,たねん,タネン
例日,1314,1314,5221,名詞,副詞可能,*,*,*,*,例日,れいじつ,レイジツ
爾後,1314,1314,5218,名詞,副詞可能,*,*,*,*,爾後,じご,ジゴ
日曜日,1314,1314,5211,名詞,副詞可能,*,*,*,*,日曜日,にちようび,ニチヨービ
後年,1314,1314,5788,名詞,副詞可能,*,*,*,*,後年,こうねん,コーネン
まま,1314,1314,9053,名詞,副詞可能,*,*,*,*,まま,まま,ママ
今ごろ,1314,1314,8932,名詞,副詞可能,*,*,*,*,今ごろ,いまごろ,イマゴロ
一月,1314,1314,4955,名詞,副詞可能,*,*,*,*,一月,いちがつ,イチガツ
真っ昼間,1314,1314,5221,名詞,副詞可能,*,*,*,*,真っ昼間,まっぴるま,マッピルマ
十一月,1314,1314,-26,名詞,副詞可能,*,*,*,*,十一月,じゅういちがつ,ジューイチガツ
後世,1314,1314,5895,名詞,副詞可能,*,*,*,*,後世,こうせい,コーセイ
せんだって,1314,1314,6194,名詞,副詞可能,*,*,*,*,せんだって,せんだって,センダッテ
夜間,1314,1314,6568,名詞,副詞可能,*,*,*,*,夜間,やかん,ヤカン
二三,1314,1314,4243,名詞,副詞可能,*,*,*,*,二三,にさん,ニサン
休日,1314,1314,4532,名詞,副詞可能,*,*,*,*,休日,きゅうじつ,キュージツ
一両,1314,1314,4367,名詞,副詞可能,*,*,*,*,一両,いちりょう,イチリョー
中間,1314,1314,6496,名詞,副詞可能,*,*,*,*,中間,ちゅうかん,チューカン
内心,1314,1314,5316,名詞,副詞可能,*,*,*,*,内心,ないしん,ナイシン
日々,1314,1314,3104,名詞,副詞可能,*,*,*,*,日々,ひび,ヒビ
後刻,1314,1314,5224,名詞,副詞可能,*,*,*,*,後刻,ごこく,ゴコク
通り,1314,1314,6125,名詞,副詞可能,*,*,*,*,通り,とおり,トーリ
多数,1314,1314,1774,名詞,副詞可能,*,*,*,*,多数,たすう,タスー
日夜,1314,1314,7789,名詞,副詞可能,*,*,*,*,日夜,にちや,ニチヤ
輓近,1314,1314,4997,名詞,副詞可能,*,*,*,*,輓近,ばんきん,バンキン
昨年来,1314,1314,5197,名詞,副詞可能,*,*,*,*,昨年来,さくねんらい,サクネンライ
未明,1314,1314,4752,名詞,副詞可能,*,*,*,*,未明,みめい,ミメイ
年中,1314,1314,4970,名詞,副詞可能,*,*,*,*,年中,ねんじゅう,ネンジュー
このほど,1314,1314,3025,名詞,副詞可能,*,*,*,*,このほど,このほど,コノホド
畢生,1314,1314,5221,名詞,副詞可能,*,*,*,*,畢生,ひっせい,ヒッセイ
例年,1314,1314,6762,名詞,副詞可能,*,*,*,*,例年,れいねん,レイネン
最初,1314,1314,7415,名詞,副詞可能,*,*,*,*,最初,さいしょ,サイショ
通常,1314,1314,7262,名詞,副詞可能,*,*,*,*,通常,つうじょう,ツージョー
月曜,1314,1314,5366,名詞,副詞可能,*,*,*,*,月曜,げつよう,ゲツヨー
１月,1314,1314,4338,名詞,副詞可能,*,*,*,*,１月,いちがつ,イチガツ
ほか,1314,1314,2277,名詞,副詞可能,*,*,*,*,ほか,ほか,ホカ
二月,1314,1314,3467,名詞,副詞可能,*,*,*,*,二月,にがつ,ニガツ
毎週,1314,1314,5119,名詞,副詞可能,*,*,*,*,毎週,まいしゅう,マイシュー
朔,1314,1314,5221,名詞,副詞可能,*,*,*,*,朔,ついたち,ツイタチ
客歳,1314,1314,5221,名詞,副詞可能,*,*,*,*,客歳,かくさい,カクサイ
長期間,1314,1314,4809,名詞,副詞可能,*,*,*,*,長期間,ちょうきかん,チョーキカン
同月,1314,1314,4731,名詞,副詞可能,*,*,*,*,同月,どうげつ,ドーゲツ
前月,1314,1314,6203,名詞,副詞可能,*,*,*,*,前月,ぜんげつ,ゼンゲツ
末末,1314,1314,5221,名詞,副詞可能,*,*,*,*,末末,すえずえ,スエズエ,末々
週末,1314,1314,3497,名詞,副詞可能,*,*,*,*,週末,しゅうまつ,シューマツ
七月,1314,1314,2118,名詞,副詞可能,*,*,*,*,七月,しちがつ,シチガツ
きのふ,1314,1314,6348,名詞,副詞可能,*,*,*,*,きのふ,きのふ,キノー
晩夏,1314,1314,5484,名詞,副詞可能,*,*,*,*,晩夏,ばんか,バンカ
終日,1314,1314,3410,名詞,副詞可能,*,*,*,*,終日,しゅうじつ,シュージツ
終日,1314,1314,5987,名詞,副詞可能,*,*,*,*,終日,ひねもす,ヒネモス
精一杯,1314,1314,5220,名詞,副詞可能,*,*,*,*,精一杯,せいいっぱい,セイイッパイ
満場,1314,1314,5232,名詞,副詞可能,*,*,*,*,満場,まんじょう,マンジョー
余日,1314,1314,5221,名詞,副詞可能,*,*,*,*,余日,よじつ,ヨジツ
今年度,1314,1314,3568,名詞,副詞可能,*,*,*,*,今年度,こんねんど,コンネンド
水曜日,1314,1314,5119,名詞,副詞可能,*,*,*,*,水曜日,すいようび,スイヨービ
揚句,1314,1314,5221,名詞,副詞可能,*,*,*,*,揚句,あげく,アゲク
先度,1314,1314,5292,名詞,副詞可能,*,*,*,*,先度,せんど,センド
三月,1314,1314,2223,名詞,副詞可能,*,*,*,*,三月,さんがつ,サンガツ
結構,1314,1314,6923,名詞,副詞可能,*,*,*,*,結構,けっこう,ケッコー
挙げ句,1314,1314,5221,名詞,副詞可能,*,*,*,*,挙げ句,あげく,アゲク
車中,1314,1314,5352,名詞,副詞可能,*,*,*,*,車中,しゃちゅう,シャチュー
一夜さ,1314,1314,4046,名詞,副詞可能,*,*,*,*,一夜さ,ひとよさ,ヒトヨサ
現在,1314,1314,4303,名詞,副詞可能,*,*,*,*,現在,げんざい,ゲンザイ
一拍,1314,1314,4034,名詞,副詞可能,*,*,*,*,一拍,いっぱく,イッパク
昼,1314,1314,3708,名詞,副詞可能,*,*,*,*,昼,ひる,ヒル
各員,1314,1314,5483,名詞,副詞可能,*,*,*,*,各員,かくいん,カクイン
先の日,1314,1314,5221,名詞,副詞可能,*,*,*,*,先の日,さきのひ,サキノヒ
今さら,1314,1314,5217,名詞,副詞可能,*,*,*,*,今さら,いまさら,イマサラ
隙々,1314,1314,5221,名詞,副詞可能,*,*,*,*,隙々,ひまひま,ヒマヒマ
特段,1314,1314,5520,名詞,副詞可能,*,*,*,*,特段,とくだん,トクダン
おととし,1314,1314,6986,名詞,副詞可能,*,*,*,*,おととし,おととし,オトトシ
その日,1314,1314,10096,名詞,副詞可能,*,*,*,*,その日,そのひ,ソノヒ
昼過ぎ,1314,1314,5084,名詞,副詞可能,*,*,*,*,昼過ぎ,ひるすぎ,ヒルスギ
日常,1314,1314,6537,名詞,副詞可能,*,*,*,*,日常,にちじょう,ニチジョー
城内,1314,1314,6134,名詞,副詞可能,*,*,*,*,城内,じょうない,ジョーナイ
病後,1314,1314,5241,名詞,副詞可能,*,*,*,*,病後,びょうご,ビョーゴ
昨夜,1314,1314,5182,名詞,副詞可能,*,*,*,*,昨夜,さくや,サクヤ
過去,1314,1314,5395,名詞,副詞可能,*,*,*,*,過去,かこ,カコ
毎晩,1314,1314,5195,名詞,副詞可能,*,*,*,*,毎晩,まいばん,マイバン
毎度,1314,1314,5221,名詞,副詞可能,*,*,*,*,毎度,まいど,マイド
真個,1314,1314,5305,名詞,副詞可能,*,*,*,*,真個,しんこ,シンコ
世世,1314,1314,5221,名詞,副詞可能,*,*,*,*,世世,よよ,ヨヨ,代々
先ごろ,1314,1314,4393,名詞,副詞可能,*,*,*,*,先ごろ,さきごろ,サキゴロ
大体,1314,1314,3890,名詞,副詞可能,*,*,*,*,大体,だいたい,ダイタイ
明くる日,1314,1314,5221,名詞,副詞可能,*,*,*,*,明くる日,あくるひ,アクルヒ
昼休み,1314,1314,5731,名詞,副詞可能,*,*,*,*,昼休み,ひるやすみ,ヒルヤスミ
以往,1314,1314,4915,名詞,副詞可能,*,*,*,*,以往,いおう,イオー
様,1314,1314,8218,名詞,副詞可能,*,*,*,*,様,よう,ヨー
陸路,1314,1314,5221,名詞,副詞可能,*,*,*,*,陸路,りくろ,リクロ
元三,1314,1314,5222,名詞,副詞可能,*,*,*,*,元三,がんざん,ガンザン
七日,1314,1314,6848,名詞,副詞可能,*,*,*,*,七日,なのか,ナノカ
暇々,1314,1314,5221,名詞,副詞可能,*,*,*,*,暇々,ひまひま,ヒマヒマ
前期,1314,1314,6912,名詞,副詞可能,*,*,*,*,前期,ぜんき,ゼンキ
世界一,1314,1314,3139,名詞,副詞可能,*,*,*,*,世界一,せかいいち,セカイイチ
今宵,1314,1314,5214,名詞,副詞可能,*,*,*,*,今宵,こよい,コヨイ
本来,1314,1314,2826,名詞,副詞可能,*,*,*,*,本来,ほんらい,ホンライ
近時,1314,1314,5222,名詞,副詞可能,*,*,*,*,近時,きんじ,キンジ
昨朝,1314,1314,5221,名詞,副詞可能,*,*,*,*,昨朝,さくちょう,サクチョー
幾年,1314,1314,5214,名詞,副詞可能,*,*,*,*,幾年,いくとせ,イクトセ
ことし,1314,1314,5984,名詞,副詞可能,*,*,*,*,ことし,ことし,コトシ
おかげ,1314,1314,7888,名詞,副詞可能,*,*,*,*,おかげ,おかげ,オカゲ
真冬,1314,1314,5459,名詞,副詞可能,*,*,*,*,真冬,まふゆ,マフユ
旧年,1314,1314,5221,名詞,副詞可能,*,*,*,*,旧年,きゅうねん,キューネン
この前,1314,1314,6805,名詞,副詞可能,*,*,*,*,この前,このまえ,コノマエ
過般,1314,1314,5260,名詞,副詞可能,*,*,*,*,過般,かはん,カハン
日中,1314,1314,11909,名詞,副詞可能,*,*,*,*,日中,にっちゅう,ニッチュー
方,1314,1314,11173,名詞,副詞可能,*,*,*,*,方,ほう,ホー
生涯,1314,1314,5219,名詞,副詞可能,*,*,*,*,生涯,しょうがい,ショーガイ
空路,1314,1314,4569,名詞,副詞可能,*,*,*,*,空路,くうろ,クーロ
真っ最中,1314,1314,4712,名詞,副詞可能,*,*,*,*,真っ最中,まっさいちゅう,マッサイチュー
一昨々年,1314,1314,4046,名詞,副詞可能,*,*,*,*,一昨々年,さきおととし,サキオトトシ
後,1314,1314,10122,名詞,副詞可能,*,*,*,*,後,あと,アト
分,1314,1314,10695,名詞,副詞可能,*,*,*,*,分,ぶん,ブン
半額,1314,1314,5236,名詞,副詞可能,*,*,*,*,半額,はんがく,ハンガク
再度,1314,1314,5591,名詞,副詞可能,*,*,*,*,再度,さいど,サイド
あくる日,1314,1314,6348,名詞,副詞可能,*,*,*,*,あくる日,あくるひ,アクルヒ
あげく,1314,1314,6349,名詞,副詞可能,*,*,*,*,あげく,あげく,アゲク
六月,1314,1314,1333,名詞,副詞可能,*,*,*,*,六月,ろくがつ,ロクガツ
お昼,1314,1314,7400,名詞,副詞可能,*,*,*,*,お昼,おひる,オヒル
結局,1314,1314,4750,名詞,副詞可能,*,*,*,*,結局,けっきょく,ケッキョク
先々,1314,1314,4728,名詞,副詞可能,*,*,*,*,先々,さきざき,サキザキ
絶対,1314,1314,498,名詞,副詞可能,*,*,*,*,絶対,ぜったい,ゼッタイ
ついで,1314,1314,5883,名詞,副詞可能,*,*,*,*,ついで,ついで,ツイデ
各自,1314,1314,5196,名詞,副詞可能,*,*,*,*,各自,かくじ,カクジ
一角,1314,1314,4692,名詞,副詞可能,*,*,*,*,一角,ひとかど,ヒトカド
年初,1314,1314,5611,名詞,副詞可能,*,*,*,*,年初,ねんしょ,ネンショ
晩方,1314,1314,5221,名詞,副詞可能,*,*,*,*,晩方,ばんがた,バンガタ
新年,1314,1314,4377,名詞,副詞可能,*,*,*,*,新年,しんねん,シンネン
初度,1314,1314,5221,名詞,副詞可能,*,*,*,*,初度,しょど,ショド
今度,1314,1314,4879,名詞,副詞可能,*,*,*,*,今度,こんど,コンド
正午,1314,1314,4565,名詞,副詞可能,*,*,*,*,正午,しょうご,ショーゴ
生前,1314,1314,5086,名詞,副詞可能,*,*,*,*,生前,せいぜん,セイゼン
旧時,1314,1314,5214,名詞,副詞可能,*,*,*,*,旧時,きゅうじ,キュージ
真っすぐ,1314,1314,5185,名詞,副詞可能,*,*,*,*,真っすぐ,まっすぐ,マッスグ
未来永劫,1314,1314,5221,名詞,副詞可能,*,*,*,*,未来永劫,みらいえいごう,ミライエイゴー
ところどころ,1314,1314,5928,名詞,副詞可能,*,*,*,*,ところどころ,ところどころ,トコロドコロ
明朝,1314,1314,5221,名詞,副詞可能,*,*,*,*,明朝,みょうちょう,ミョーチョー
去月,1314,1314,5221,名詞,副詞可能,*,*,*,*,去月,きょげつ,キョゲツ
前年度,1314,1314,1059,名詞,副詞可能,*,*,*,*,前年度,ぜんねんど,ゼンネンド
間,1314,1314,11056,名詞,副詞可能,*,*,*,*,間,あいだ,アイダ
間,1314,1314,10462,名詞,副詞可能,*,*,*,*,間,かん,カン
一滴,1314,1314,3807,名詞,副詞可能,*,*,*,*,一滴,いってき,イッテキ
ひとりひとり,1314,1314,6340,名詞,副詞可能,*,*,*,*,ひとりひとり,ひとりひとり,ヒトリヒトリ
程,1314,1314,7114,名詞,副詞可能,*,*,*,*,程,ほど,ホド
末,1314,1314,6189,名詞,副詞可能,*,*,*,*,末,すえ,スエ
末,1314,1314,6643,名詞,副詞可能,*,*,*,*,末,まつ,マツ
７月,1314,1314,2709,名詞,副詞可能,*,*,*,*,７月,しちがつ,シチガツ
昨年度,1314,1314,5095,名詞,副詞可能,*,*,*,*,昨年度,さくねんど,サクネンド
随分,1314,1314,5650,名詞,副詞可能,*,*,*,*,随分,ずいぶん,ズイブン
始め,1314,1314,4728,名詞,副詞可能,*,*,*,*,始め,はじめ,ハジメ
偶然,1314,1314,3137,名詞,副詞可能,*,*,*,*,偶然,ぐうぜん,グーゼン
日日,1314,1314,5037,名詞,副詞可能,*,*,*,*,日日,ひび,ヒビ,日々
近日,1314,1314,4734,名詞,副詞可能,*,*,*,*,近日,きんじつ,キンジツ
今秋,1314,1314,4990,名詞,副詞可能,*,*,*,*,今秋,こんしゅう,コンシュー
十月,1314,1314,3671,名詞,副詞可能,*,*,*,*,十月,じゅうがつ,ジューガツ
月々,1314,1314,5639,名詞,副詞可能,*,*,*,*,月々,つきづき,ツキズキ
毎号,1314,1314,5221,名詞,副詞可能,*,*,*,*,毎号,まいごう,マイゴー
毎夜,1314,1314,5206,名詞,副詞可能,*,*,*,*,毎夜,まいよ,マイヨ
来秋,1314,1314,5154,名詞,副詞可能,*,*,*,*,来秋,らいしゅう,ライシュー
先週,1314,1314,4581,名詞,副詞可能,*,*,*,*,先週,せんしゅう,センシュー
昼日中,1314,1314,5221,名詞,副詞可能,*,*,*,*,昼日中,ひるひなか,ヒルヒナカ
随時,1314,1314,5266,名詞,副詞可能,*,*,*,*,随時,ずいじ,ズイジ
隔日,1314,1314,5127,名詞,副詞可能,*,*,*,*,隔日,かくじつ,カクジツ
当季,1314,1314,5197,名詞,副詞可能,*,*,*,*,当季,とうき,トーキ
大昔,1314,1314,5203,名詞,副詞可能,*,*,*,*,大昔,おおむかし,オームカシ
みな,1314,1314,6913,名詞,副詞可能,*,*,*,*,みな,みな,ミナ
四月,1314,1314,4070,名詞,副詞可能,*,*,*,*,四月,しがつ,シガツ
同日,1314,1314,2865,名詞,副詞可能,*,*,*,*,同日,どうじつ,ドージツ
幾とせ,1314,1314,5172,名詞,副詞可能,*,*,*,*,幾とせ,いくとせ,イクトセ
最近,1314,1314,3412,名詞,副詞可能,*,*,*,*,最近,さいきん,サイキン
亡き後,1314,1314,5197,名詞,副詞可能,*,*,*,*,亡き後,なきあと,ナキアト
半月,1314,1314,5582,名詞,副詞可能,*,*,*,*,半月,はんつき,ハンツキ
最中,1314,1314,3253,名詞,副詞可能,*,*,*,*,最中,さいちゅう,サイチュー
普段,1314,1314,3562,名詞,副詞可能,*,*,*,*,普段,ふだん,フダン
あさって,1314,1314,6447,名詞,副詞可能,*,*,*,*,あさって,あさって,アサッテ
真昼間,1314,1314,5221,名詞,副詞可能,*,*,*,*,真昼間,まっぴるま,マッピルマ
連日,1314,1314,5149,名詞,副詞可能,*,*,*,*,連日,れんじつ,レンジツ
どおり,1314,1314,6279,名詞,副詞可能,*,*,*,*,どおり,どおり,ドーリ
こんど,1314,1314,6299,名詞,副詞可能,*,*,*,*,こんど,こんど,コンド
鋭意,1314,1314,5221,名詞,副詞可能,*,*,*,*,鋭意,えいい,エイイ
初冬,1314,1314,4881,名詞,副詞可能,*,*,*,*,初冬,しょとう,ショトー
凡て,1314,1314,5007,名詞,副詞可能,*,*,*,*,凡て,すべて,スベテ
半道,1314,1314,5221,名詞,副詞可能,*,*,*,*,半道,はんみち,ハンミチ
前,1314,1314,3275,名詞,副詞可能,*,*,*,*,前,まえ,マエ
前,1314,1314,9950,名詞,副詞可能,*,*,*,*,前,ぜん,ゼン
雨下,1314,1314,5302,名詞,副詞可能,*,*,*,*,雨下,うか,ウカ
適宜,1314,1314,3625,名詞,副詞可能,*,*,*,*,適宜,てきぎ,テキギ
終生,1314,1314,5302,名詞,副詞可能,*,*,*,*,終生,しゅうせい,シューセイ
隔週,1314,1314,5459,名詞,副詞可能,*,*,*,*,隔週,かくしゅう,カクシュー
後々,1314,1314,5213,名詞,副詞可能,*,*,*,*,後々,あとあと,アトアト
揚げ句,1314,1314,5222,名詞,副詞可能,*,*,*,*,揚げ句,あげく,アゲク
旧冬,1314,1314,5317,名詞,副詞可能,*,*,*,*,旧冬,きゅうとう,キュートー
当日,1314,1314,3981,名詞,副詞可能,*,*,*,*,当日,とうじつ,トージツ
一部,1314,1314,463,名詞,副詞可能,*,*,*,*,一部,いちぶ,イチブ
諸共,1314,1314,5221,名詞,副詞可能,*,*,*,*,諸共,もろとも,モロトモ
今週,1314,1314,3948,名詞,副詞可能,*,*,*,*,今週,こんしゅう,コンシュー
軒並み,1314,1314,4058,名詞,副詞可能,*,*,*,*,軒並み,のきなみ,ノキナミ
今般,1314,1314,5221,名詞,副詞可能,*,*,*,*,今般,こんぱん,コンパン
一切,1314,1314,2098,名詞,副詞可能,*,*,*,*,一切,いっさい,イッサイ
半期,1314,1314,6688,名詞,副詞可能,*,*,*,*,半期,はんき,ハンキ
日ごろ,1314,1314,5744,名詞,副詞可能,*,*,*,*,日ごろ,ひごろ,ヒゴロ
この際,1314,1314,7115,名詞,副詞可能,*,*,*,*,この際,このさい,コノサイ
当面,1314,1314,4366,名詞,副詞可能,*,*,*,*,当面,とうめん,トーメン
先刻,1314,1314,5221,名詞,副詞可能,*,*,*,*,先刻,せんこく,センコク
月旦,1314,1314,5221,名詞,副詞可能,*,*,*,*,月旦,げったん,ゲッタン
古代,1314,1314,6183,名詞,副詞可能,*,*,*,*,古代,こだい,コダイ
１０月,1314,1314,2842,名詞,副詞可能,*,*,*,*,１０月,じゅうがつ,ジューガツ
終世,1314,1314,5278,名詞,副詞可能,*,*,*,*,終世,しゅうせい,シューセイ,終生
行く末,1314,1314,4734,名詞,副詞可能,*,*,*,*,行く末,ゆくすえ,ユクスエ
冬期,1314,1314,5197,名詞,副詞可能,*,*,*,*,冬期,とうき,トーキ
長日,1314,1314,5221,名詞,副詞可能,*,*,*,*,長日,ちょうじつ,チョージツ
三時,1314,1314,2818,名詞,副詞可能,*,*,*,*,三時,さんじ,サンジ
いまどき,1314,1314,6870,名詞,副詞可能,*,*,*,*,いまどき,いまどき,イマドキ
月央,1314,1314,5221,名詞,副詞可能,*,*,*,*,月央,げつおう,ゲツオー
一歩,1314,1314,8622,名詞,副詞可能,*,*,*,*,一歩,いっぽ,イッポ
今日,1314,1314,4263,名詞,副詞可能,*,*,*,*,今日,きょう,キョー
今日,1314,1314,5290,名詞,副詞可能,*,*,*,*,今日,こんにち,コンニチ
今夜,1314,1314,5092,名詞,副詞可能,*,*,*,*,今夜,こんや,コンヤ
